<?xml version="1.0" encoding="UTF-8"?>
<project-private xmlns="http://www.netbeans.org/ns/project-private/1">
    <editor-bookmarks xmlns="http://www.netbeans.org/ns/editor-bookmarks/2" lastBookmarkId="0"/>
    <open-files xmlns="http://www.netbeans.org/ns/projectui-open-files/2">
        <group>
            <file>file:/C:/Users/metromw/Documents/MPLABXProjects/Saintcon2021-10x10.X/mcc_generated_files/memory.h</file>
            <file>file:/C:/Users/metromw/Documents/MPLABXProjects/Saintcon2021-10x10.X/mcc_generated_files/mcc.h</file>
            <file>file:/C:/Users/metromw/Documents/MPLABXProjects/Saintcon2021-10x10.X/mcc_generated_files/interrupt_manager.c</file>
            <file>file:/C:/Users/metromw/Documents/MPLABXProjects/Saintcon2021-10x10.X/nbproject/Makefile-default.mk</file>
            <file>file:/C:/Users/metromw/Documents/MPLABXProjects/Saintcon2021-10x10.X/mcc_generated_files/mcc.c</file>
            <file>file:/C:/Users/metromw/Documents/MPLABXProjects/Saintcon2021-10x10.X/mcc_generated_files/tmr0.c</file>
            <file>file:/C:/Users/metromw/Documents/MPLABXProjects/Saintcon2021-10x10.X/mcc_generated_files/pin_manager.c</file>
            <file>file:/C:/Users/metromw/Documents/MPLABXProjects/Saintcon2021-10x10.X/mcc_generated_files/device_config.c</file>
            <file>file:/C:/Users/metromw/Documents/MPLABXProjects/Saintcon2021-10x10.X/mcc_generated_files/device_config.h</file>
            <file>file:/C:/Users/metromw/Documents/MPLABXProjects/Saintcon2021-10x10.X/mcc_generated_files/memory.c</file>
            <file>file:/C:/Users/metromw/Documents/MPLABXProjects/Saintcon2021-10x10.X/main.c</file>
        </group>
    </open-files>
</project-private>
